id,name,ward_category,postal_code,address,website,fleet,depot_address,latitude,longitude,status,source_url
member_1,勇建設㈱,中央区,060-0006,札幌市中央区北6条西14丁目4番地,http://www.isami-con.co.jp/,,,,,協会掲載所在地。保有機械・出動拠点未確認,https://sapporo-josetsu.jp/member.html
member_2,板谷土建㈱,中央区,064-0916,札幌市中央区南16条西8丁目2番20号,https://www.itayadoken.com/,,,,,協会掲載所在地。保有機械・出動拠点未確認,https://sapporo-josetsu.jp/member.html
member_3,岩田地崎建設㈱,中央区,060-8630,札幌市中央区北2条東17丁目2番地,https://www.iwatachizaki.jp/,,,,,協会掲載所在地。保有機械・出動拠点未確認,https://sapporo-josetsu.jp/member.html
member_4,㈱大庭組,中央区,064-0807,札幌市中央区南7条西15丁目2番21号,https://ohbagumi.co.jp/,,,,,協会掲載所在地。保有機械・出動拠点未確認,https://sapporo-josetsu.jp/member.html
member_5,㈱公清企業,中央区,060-0031,札幌市中央区北1条東15丁目140番地,https://www.kosei-kigyo.co.jp/,,,,,協会掲載所在地。保有機械・出動拠点未確認,https://sapporo-josetsu.jp/member.html
member_6,スミセキ・コンテック㈱北広島営業所,中央区,060-0062,北広島市北の里57番2,http://www.sumiseki-contech.com/,,,,,協会掲載所在地。保有機械・出動拠点未確認,https://sapporo-josetsu.jp/member.html
member_7,ソリトン・コム㈱,中央区,064-0945,札幌市中央区盤渓499番地10,https://www.soliton-com.co.jp/,,,,,協会掲載所在地。保有機械・出動拠点未確認,https://sapporo-josetsu.jp/member.html
member_8,大善建設㈱,中央区,060-0032,札幌市中央区北2条東12丁目98番地12,https://www.daizen-kk.com,,,,,協会掲載所在地。保有機械・出動拠点未確認,https://sapporo-josetsu.jp/member.html
member_9,大同舗道㈱,中央区,060-0032,札幌市中央区北2条東17丁目2番地,https://daido-hodo.com/,,,,,協会掲載所在地。保有機械・出動拠点未確認,https://sapporo-josetsu.jp/member.html
member_10,東洋ロードメンテナンス㈱,中央区,060-0006,札幌市中央区北6条西22丁目2番7号,https://toyoroad.co.jp/,,,,,協会掲載所在地。保有機械・出動拠点未確認,https://sapporo-josetsu.jp/member.html
member_11,野田工業㈱,中央区,064-0945,札幌市中央区盤渓365番地,,,,,,協会掲載所在地。保有機械・出動拠点未確認,https://sapporo-josetsu.jp/member.html
member_12,北津建設㈱,中央区,064-0822,札幌市中央区北2条西20丁目1番10号,,,,,,協会掲載所在地。保有機械・出動拠点未確認,https://sapporo-josetsu.jp/member.html
member_13,北海道ロードメンテナンス㈱,中央区,060-0031,札幌市中央区北1条東12丁目22番地,https://www.h-rm.co.jp/,,,,,協会掲載所在地。保有機械・出動拠点未確認,https://sapporo-josetsu.jp/member.html
member_14,北海道ロード運輸㈱,中央区,060-0032,札幌市中央区北2条東12丁目98番地12　ＲＳビル,https://www.h-roadunyu.com/,,,,,協会掲載所在地。保有機械・出動拠点未確認,https://sapporo-josetsu.jp/member.html
member_15,舗道工業㈱,中央区,064-0952,札幌市中央区宮の森2条12丁目2番11号,http://www.hodoh.co.jp/,,,,,協会掲載所在地。保有機械・出動拠点未確認,https://sapporo-josetsu.jp/member.html
member_16,㈱丸周中村土木,中央区,064-0929,札幌市中央区南29条西11丁目4番10号,,,,,,協会掲載所在地。保有機械・出動拠点未確認,https://sapporo-josetsu.jp/member.html
member_17,㈱水谷組,中央区,064-0929,札幌市中央区南29条西11丁目4番10号,https://mizutanigumi.jp/,,,,,協会掲載所在地。保有機械・出動拠点未確認,https://sapporo-josetsu.jp/member.html
member_18,札工建設㈱,中央区,064-0945,札幌市中央区盤渓499番地10,,,,,,協会掲載所在地。保有機械・出動拠点未確認,https://sapporo-josetsu.jp/member.html
member_19,㈱クリーンアップ,中央区,060-0063,札幌市中央区南3条西13丁目320番地,http://www.clean-up.co.jp/,,,,,協会掲載所在地。保有機械・出動拠点未確認,https://sapporo-josetsu.jp/member.html
member_20,山王建設㈱,中央区,060-0031,札幌市中央区北1条東15丁目140番地,http://sannoh-kensetsu.co.jp/,,,,,協会掲載所在地。保有機械・出動拠点未確認,https://sapporo-josetsu.jp/member.html
member_21,㈱アート造園,北区,002-8054,札幌市北区篠路町拓北31番207,,,,,,協会掲載所在地。保有機械・出動拠点未確認,https://sapporo-josetsu.jp/member.html
member_22,㈱今井建設工業所,北区,002-0853,札幌市北区屯田3条6丁目2番2号,,,,,,協会掲載所在地。保有機械・出動拠点未確認,https://sapporo-josetsu.jp/member.html
member_23,㈱岩田工業,北区,001-0930,札幌市北区新川748番地5,,,,,,協会掲載所在地。保有機械・出動拠点未確認,https://sapporo-josetsu.jp/member.html
member_24,㈱北工業,北区,002-8066,札幌市北区拓北6条3丁目2番1号,,,,,,協会掲載所在地。保有機械・出動拠点未確認,https://sapporo-josetsu.jp/member.html
member_25,㈱共同道路工業,北区,002-8021,札幌市北区篠路1条9丁目1番45号,,,,,,協会掲載所在地。保有機械・出動拠点未確認,https://sapporo-josetsu.jp/member.html
member_26,㈱光輝建設,北区,002-0860,札幌市北区屯田10条3丁目7番38号,,,,,,協会掲載所在地。保有機械・出動拠点未確認,https://sapporo-josetsu.jp/member.html
member_27,㈱佐藤萬香園,北区,001-0024,札幌市北区北24条西15丁目1番7号,http://www.mankaen.co.jp/,,,,,協会掲載所在地。保有機械・出動拠点未確認,https://sapporo-josetsu.jp/member.html
member_28,㈱澤木テック,北区,002-0855,札幌市北区屯田5条10丁目1番32号,https://www.sawaki-k.co.jp/,,,,,協会掲載所在地。保有機械・出動拠点未確認,https://sapporo-josetsu.jp/member.html
member_29,㈱住建福祉協会,北区,001-0915,札幌市北区新琴似町1020番地4,,,,,,協会掲載所在地。保有機械・出動拠点未確認,https://sapporo-josetsu.jp/member.html
member_30,シンコー建設工業㈱,北区,001-0025,札幌市北区北25条西14丁目3番27号,,,,,,協会掲載所在地。保有機械・出動拠点未確認,https://sapporo-josetsu.jp/member.html
member_31,㈱勉建設,北区,002-0856,札幌市北区屯田6条10丁目7番30号 ティーユービル２Ｆ,https://tutomu.co.jp/,,,,,協会掲載所在地。保有機械・出動拠点未確認,https://sapporo-josetsu.jp/member.html
member_32,一二三北路㈱,北区,002-8025,札幌市北区篠路5条1丁目1番10号,https://www.hifukita.co.jp/,,,,,協会掲載所在地。保有機械・出動拠点未確認,https://sapporo-josetsu.jp/member.html
member_33,ひまわり建設㈱,北区,002-8025,札幌市北区篠路5条1丁目1番10号,https://www.himawarikensetsu.jp,,,,,協会掲載所在地。保有機械・出動拠点未確認,https://sapporo-josetsu.jp/member.html
member_34,㈱平成道路,北区,002-8021,札幌市北区篠路1条5丁目10番23号,,,,,,協会掲載所在地。保有機械・出動拠点未確認,https://sapporo-josetsu.jp/member.html
member_35,㈱北創,北区,002-0859,札幌市北区屯田9条12丁目6番3号,https://www.hokumaru.jp/,,,,,協会掲載所在地。保有機械・出動拠点未確認,https://sapporo-josetsu.jp/member.html
member_36,㈱ホクト造園,北区,001-0045,札幌市北区麻生町6丁目14番14号,,,,,,協会掲載所在地。保有機械・出動拠点未確認,https://sapporo-josetsu.jp/member.html
member_37,北海道道路産業㈱,北区,001-0931,札幌市北区新川西1条1丁目1番30号,https://www.dousan-tosa.com/,,,,,協会掲載所在地。保有機械・出動拠点未確認,https://sapporo-josetsu.jp/member.html
member_38,マルミプラス㈱,北区,002-8023,札幌市北区篠路3条7丁目5番14号,https://marumi-plus.jp/,,,,,協会掲載所在地。保有機械・出動拠点未確認,https://sapporo-josetsu.jp/member.html
member_39,丸新産業㈱,北区,002-8004,札幌市北区太平4条4丁目7番26号,,,,,,協会掲載所在地。保有機械・出動拠点未確認,https://sapporo-josetsu.jp/member.html
member_40,丸高北進建設㈱,北区,002-8028,札幌市北区篠路8条3丁目5番24号,,,,,,協会掲載所在地。保有機械・出動拠点未確認,https://sapporo-josetsu.jp/member.html
member_41,㈲丸辰北斗建材,北区,001-0025,札幌市北区北25条西5丁目1-21　シャトーブラン25　3階,https://chateau-blanc.co.jp/,,,,,協会掲載所在地。保有機械・出動拠点未確認,https://sapporo-josetsu.jp/member.html
member_42,㈱ミカタ,北区,002-8052,札幌市北区篠路町上篠路64番地25,,,,,,協会掲載所在地。保有機械・出動拠点未確認,https://sapporo-josetsu.jp/member.html
member_43,㈱皆善工業,北区,002-8028,札幌市北区篠路8条2丁目6番21号,,,,,,協会掲載所在地。保有機械・出動拠点未確認,https://sapporo-josetsu.jp/member.html
member_44,㈲ミユキ興産,北区,001-0923,札幌市北区新川3条4丁目8番37号,,,,,,協会掲載所在地。保有機械・出動拠点未確認,https://sapporo-josetsu.jp/member.html
member_45,ムイネ観光開発㈱,北区,001-0908,札幌市北区新琴似8条5丁目1番10号,,,,,,協会掲載所在地。保有機械・出動拠点未確認,https://sapporo-josetsu.jp/member.html
member_46,㈱米山土建,北区,001-0904,札幌市北区新琴似4条13丁目4番23号,,,,,,協会掲載所在地。保有機械・出動拠点未確認,https://sapporo-josetsu.jp/member.html
member_47,札真重機工業㈱,北区,001-0045,札幌市北区麻生町4丁目12番8号 アルファ麻生ビル2階,,,,,,協会掲載所在地。保有機械・出動拠点未確認,https://sapporo-josetsu.jp/member.html
member_48,旭建設工業㈱,東区,007-0836,札幌市東区北36条東9丁目2番13号,,,,,,協会掲載所在地。保有機械・出動拠点未確認,https://sapporo-josetsu.jp/member.html
member_49,大富工業㈱,東区,007-0805,札幌市東区東苗穂5条1丁目6番36号,http://www.otomi.co.jp/,,,,,協会掲載所在地。保有機械・出動拠点未確認,https://sapporo-josetsu.jp/member.html
member_50,おもだか興業㈱,東区,007-0811,札幌市東区東苗穂11条2丁目8番10号,,,,,,協会掲載所在地。保有機械・出動拠点未確認,https://sapporo-josetsu.jp/member.html
member_51,協友建設工業㈱,東区,065-0022,札幌市東区北22条東15丁目3番1号,,,,,,協会掲載所在地。保有機械・出動拠点未確認,https://sapporo-josetsu.jp/member.html
member_52,㈱興陽技建,東区,065-0014,札幌市東区北14条東13丁目2番10号,,,,,,協会掲載所在地。保有機械・出動拠点未確認,https://sapporo-josetsu.jp/member.html
member_53,坂井建設㈱,東区,007-0890,札幌市東区中沼町113番912,,,,,,協会掲載所在地。保有機械・出動拠点未確認,https://sapporo-josetsu.jp/member.html
member_54,三兼建設工業㈱,東区,007-0803,札幌市東区東苗穂3条1丁目8番14号,http://sankane.jp/about/outline/,,,,,協会掲載所在地。保有機械・出動拠点未確認,https://sapporo-josetsu.jp/member.html
member_55,三共舗道㈱,東区,065-0018,札幌市東区北18条東1丁目3番3号,http://www.sankyohodo.co.jp/,,,,,協会掲載所在地。保有機械・出動拠点未確認,https://sapporo-josetsu.jp/member.html
member_56,三道工業㈱,東区,007-0820,札幌市東区東雁来町366番地69,,,,,,協会掲載所在地。保有機械・出動拠点未確認,https://sapporo-josetsu.jp/member.html
member_57,杉原建設㈱,東区,065-0043,札幌市東区苗穂町10丁目2番1号,http://www.sugihara647.co.jp/wp/,,,,,協会掲載所在地。保有機械・出動拠点未確認,https://sapporo-josetsu.jp/member.html
member_58,㈱創建,東区,007-0841,札幌市東区北41条東1丁目756番地,,,,,,協会掲載所在地。保有機械・出動拠点未確認,https://sapporo-josetsu.jp/member.html
member_59,大和技建㈱,東区,065-0026,札幌市東区北26条東14丁目1番1号,http://www.daiwagiken-sapporo.com/,,,,,協会掲載所在地。保有機械・出動拠点未確認,https://sapporo-josetsu.jp/member.html
member_60,中央建設工業㈱,東区,007-0834,札幌市東区北34条東14丁目2番1-305号,,,,,,協会掲載所在地。保有機械・出動拠点未確認,https://sapporo-josetsu.jp/member.html
member_61,東亜道路工業㈱札幌営業所,東区,007-0825,札幌市東区東雁来5条1丁目1番18号,https://www.toadoro.co.jp/,,,,,協会掲載所在地。保有機械・出動拠点未確認,https://sapporo-josetsu.jp/member.html
member_62,東舗建設㈱,東区,007-0838,札幌市東区北38条東19丁目1番31号,,,,,,協会掲載所在地。保有機械・出動拠点未確認,https://sapporo-josetsu.jp/member.html
member_63,道邦工業㈱,東区,007-0805,札幌市東区東苗穂5条1丁目6番36号,,,,,,協会掲載所在地。保有機械・出動拠点未確認,https://sapporo-josetsu.jp/member.html
member_64,富士建設㈱札幌支店,東区,007-0867,札幌市東区伏古7条4丁目1番3号,http://www.fujiconstr.com/,,,,,協会掲載所在地。保有機械・出動拠点未確認,https://sapporo-josetsu.jp/member.html
member_65,古木建設興業㈱,東区,007-0880,札幌市東区丘珠町165番1,,,,,,協会掲載所在地。保有機械・出動拠点未確認,https://sapporo-josetsu.jp/member.html
member_66,北央道路工業㈱,東区,060-0908,札幌市東区北8条東1丁目1番35号,https://hokuodorokogyo.co.jp/,,,,,協会掲載所在地。保有機械・出動拠点未確認,https://sapporo-josetsu.jp/member.html
member_67,㈱北海道グリーンメンテナンス,東区,007-0884,札幌市東区北丘珠4条3丁目10番20号,http://www.do-green.co.jp/,,,,,協会掲載所在地。保有機械・出動拠点未確認,https://sapporo-josetsu.jp/member.html
member_68,㈱北舗,東区,065-0023,札幌市東区北23条東18丁目2番3号,http://www.hoppo-group.jp/,,,,,協会掲載所在地。保有機械・出動拠点未確認,https://sapporo-josetsu.jp/member.html
member_69,㈱マルカワ新港運輸倉庫,東区,065-0012,札幌市東区北12条東17丁目1番23号,https://shinkotransport-sapporo.com/,,,,,協会掲載所在地。保有機械・出動拠点未確認,https://sapporo-josetsu.jp/member.html
member_70,丸源三上産業㈱,東区,065-0024,札幌市東区北24条東2丁目3番16号,,,,,,協会掲載所在地。保有機械・出動拠点未確認,https://sapporo-josetsu.jp/member.html
member_71,㈱丸洋鈴木組,東区,007-0849,札幌市東区北49条東9丁目1番2号,,,,,,協会掲載所在地。保有機械・出動拠点未確認,https://sapporo-josetsu.jp/member.html
member_72,㈱丸和青山工業,東区,007-0891,札幌市東区中沼西1条1丁目3番5号,http://www.maruwa-aoyama.jp/,,,,,協会掲載所在地。保有機械・出動拠点未確認,https://sapporo-josetsu.jp/member.html
member_73,三井住建道路㈱道央営業所,東区,007-0820,札幌市東区東雁来町366番地69,https://www.smrc.co.jp/,,,,,協会掲載所在地。保有機械・出動拠点未確認,https://sapporo-josetsu.jp/member.html
member_74,安田興業㈱,東区,007-0803,札幌市東区東苗穂3条1丁目8番14号,http://www.yasuda-kougyo.jp/,,,,,協会掲載所在地。保有機械・出動拠点未確認,https://sapporo-josetsu.jp/member.html
member_75,㈱岩崎造園土木,東区,007-0894,札幌市東区中沼西4条西1丁目3番12号,https://www.iwasakizouen.com/,,,,,協会掲載所在地。保有機械・出動拠点未確認,https://sapporo-josetsu.jp/member.html
member_76,㈱市川造園,東区,007-0874,札幌市東区伏古14条3丁目13番10号,https://www.ichikawa-zouen.com/,,,,,協会掲載所在地。保有機械・出動拠点未確認,https://sapporo-josetsu.jp/member.html
member_77,開発運輸建設㈱,白石区,003-0030,札幌市白石区流通センター5丁目2番10号,https://kaihatsu-unyu.co.jp/,,,,,協会掲載所在地。保有機械・出動拠点未確認,https://sapporo-josetsu.jp/member.html
member_78,㈱木下工業,白石区,003-0865,札幌市白石区川下5条2丁目5番19号,,,,,,協会掲載所在地。保有機械・出動拠点未確認,https://sapporo-josetsu.jp/member.html
member_79,五省建設㈱,白石区,003-0872,札幌市白石区米里2条3丁目3番8号,,,,,,協会掲載所在地。保有機械・出動拠点未確認,https://sapporo-josetsu.jp/member.html
member_80,さくら佐藤建設㈱,白石区,003-0821,札幌市白石区菊水元町1条1丁目2番27号,https://www.sakurasato.co.jp/,,,,,協会掲載所在地。保有機械・出動拠点未確認,https://sapporo-josetsu.jp/member.html
member_81,㈱札幌解体建設,白石区,003-0027,札幌市白石区本通21丁目北2番25号,,,,,,協会掲載所在地。保有機械・出動拠点未確認,https://sapporo-josetsu.jp/member.html
member_82,札幌建設運送㈱,白石区,003-0030,札幌市白石区流通センター5丁目6番43号,,,,,,協会掲載所在地。保有機械・出動拠点未確認,https://sapporo-josetsu.jp/member.html
member_83,㈱真成ロード,白石区,003-0871,札幌市白石区米里1条4丁目3番10号,https://www.shinsei-road.jp/,,,,,協会掲載所在地。保有機械・出動拠点未確認,https://sapporo-josetsu.jp/member.html
member_84,世紀東急工業㈱道央営業所,白石区,003-0871,札幌市白石区米里1条4丁目2番1号,https://www.seikitokyu.co.jp/,,,,,協会掲載所在地。保有機械・出動拠点未確認,https://sapporo-josetsu.jp/member.html
member_85,道央建設工業㈱,白石区,003-0825,札幌市白石区菊水元町5条3丁目4番3号,,,,,,協会掲載所在地。保有機械・出動拠点未確認,https://sapporo-josetsu.jp/member.html
member_86,道央舗道㈱,白石区,003-0029,札幌市白石区平和通11丁目北9番20号,http://www.douou-hodou.co.jp/,,,,,協会掲載所在地。保有機械・出動拠点未確認,https://sapporo-josetsu.jp/member.html
member_87,北陽道路工業㈱,白石区,003-0875,札幌市白石区米里5条1丁目2番16号,,,,,,協会掲載所在地。保有機械・出動拠点未確認,https://sapporo-josetsu.jp/member.html
member_88,北海道ニチレキ工事㈱,白石区,003-0826,札幌市白石区菊水元町6条4丁目2番1号,https://www.nichireki.co.jp/profile/commend/nichireki/hokkaido.html,,,,,協会掲載所在地。保有機械・出動拠点未確認,https://sapporo-josetsu.jp/member.html
member_89,㈱北海メンテナンス,白石区,003-0829,札幌市白石区菊水元町9条2丁目4番18号,http://www.hokkai-mente.co.jp/,,,,,協会掲載所在地。保有機械・出動拠点未確認,https://sapporo-josetsu.jp/member.html
member_90,丸栄山下建設㈱,白石区,003-0013,札幌市白石区中央3条1丁目1番2号,https://www.maruei-yamashita.jp/,,,,,協会掲載所在地。保有機械・出動拠点未確認,https://sapporo-josetsu.jp/member.html
member_91,㈱丸実工藤建設,白石区,003-0834,札幌市白石区北郷4条2丁目4番5号,,,,,,協会掲載所在地。保有機械・出動拠点未確認,https://sapporo-josetsu.jp/member.html
member_92,ムトウ建設工業㈱,白石区,003-0024,札幌市白石区本郷通13丁目南4番27号,https://mutoh-kk.com/,,,,,協会掲載所在地。保有機械・出動拠点未確認,https://sapporo-josetsu.jp/member.html
member_93,㈱山口工業,白石区,003-0030,札幌市白石区流通センター5丁目2番10号,,,,,,協会掲載所在地。保有機械・出動拠点未確認,https://sapporo-josetsu.jp/member.html
member_94,㈱テクノテック,白石区,003-0024,札幌市白石区本郷通13丁目南1-8,https://techno-tech.co.jp/,,,,,協会掲載所在地。保有機械・出動拠点未確認,https://sapporo-josetsu.jp/member.html
member_95,北星建設㈱,白石区,003-0869,札幌市白石区川下730番地51,https://hokusei-const.net/,,,,,協会掲載所在地。保有機械・出動拠点未確認,https://sapporo-josetsu.jp/member.html
member_96,㈱おおしま建設,白石区,003-0869,札幌市白石区川下576番地6,,,,,,協会掲載所在地。保有機械・出動拠点未確認,https://sapporo-josetsu.jp/member.html
member_97,横浜植木㈱北海道支店,白石区,003-0029,札幌市白石区平和通14丁目北2番16号,https://www.yokohamaueki.co.jp/corporate/profile/,,,,,協会掲載所在地。保有機械・出動拠点未確認,https://sapporo-josetsu.jp/member.html
member_98,㈱キース,白石区,003-0827,札幌市白石区菊水元町7条2丁目6番33号,https://www.kishimoto-group.com/company/kes/,,,,,協会掲載所在地。保有機械・出動拠点未確認,https://sapporo-josetsu.jp/member.html
member_99,柴田興産㈱,白石区,003-0012,札幌市白石区中央2条5丁目15番38号,,,,,,協会掲載所在地。保有機械・出動拠点未確認,https://sapporo-josetsu.jp/member.html
member_100,㈱ＭＺ原田,厚別区,004-0003,札幌市厚別区厚別東3条2丁目1番35号,https://www.mzharada.com/,,,,,協会掲載所在地。保有機械・出動拠点未確認,https://sapporo-josetsu.jp/member.html
member_101,㈱園建,厚別区,004-0042,札幌市厚別区大谷地西6丁目2番3号,http://www.enken.co.jp/,,,,,協会掲載所在地。保有機械・出動拠点未確認,https://sapporo-josetsu.jp/member.html
member_102,開北工業㈱,厚別区,004-0002,札幌市厚別区厚別東2条5丁目14番11号,,,,,,協会掲載所在地。保有機械・出動拠点未確認,https://sapporo-josetsu.jp/member.html
member_103,北日本重機㈱,厚別区,004-0069,札幌市厚別区厚別町山本1063番地418,https://kitanihonjyuki.p-kit.com/,,,,,協会掲載所在地。保有機械・出動拠点未確認,https://sapporo-josetsu.jp/member.html
member_104,㈱ケンウン,厚別区,004-0069,札幌市厚別区厚別町山本1063番地418,https://kenun.jp/,,,,,協会掲載所在地。保有機械・出動拠点未確認,https://sapporo-josetsu.jp/member.html
member_105,㈱札幌緑興,厚別区,004-0002,札幌市厚別区厚別東2条3丁目1番5号,https://www.ryokukou.net/,,,,,協会掲載所在地。保有機械・出動拠点未確認,https://sapporo-josetsu.jp/member.html
member_106,三陽興発㈱,厚別区,004-0055,札幌市厚別区厚別中央5条1丁目4番31号,,,,,,協会掲載所在地。保有機械・出動拠点未確認,https://sapporo-josetsu.jp/member.html
member_107,タイヨウ㈱,厚別区,004-0053,札幌市厚別区厚別中央3条2丁目1番41号,https://taiyou-kk.co.jp/,,,,,協会掲載所在地。保有機械・出動拠点未確認,https://sapporo-josetsu.jp/member.html
member_108,㈱日栄建設,厚別区,004-0061,札幌市厚別区厚別西1条1丁目1番50号,https://www.n-nichiei.jp/company.html,,,,,協会掲載所在地。保有機械・出動拠点未確認,https://sapporo-josetsu.jp/member.html
member_109,白翔建設㈱,厚別区,004-0065,札幌市厚別区厚別西5条4丁目4番3号,,,,,,協会掲載所在地。保有機械・出動拠点未確認,https://sapporo-josetsu.jp/member.html
member_110,㈱みらい・コンテック,厚別区,004-0071,札幌市厚別区厚別北1条1丁目6番20号,https://mirai-contech.co.jp/,,,,,協会掲載所在地。保有機械・出動拠点未確認,https://sapporo-josetsu.jp/member.html
member_111,陸奥建設㈱,厚別区,004-0068,札幌市厚別区厚別西730番地44,,,,,,協会掲載所在地。保有機械・出動拠点未確認,https://sapporo-josetsu.jp/member.html
member_112,㈱四宮造園,厚別区,004-0022,札幌市厚別区厚別南3丁目2番25号,https://shinomiya-zoen.co.jp,,,,,協会掲載所在地。保有機械・出動拠点未確認,https://sapporo-josetsu.jp/member.html
member_113,三益工業㈱,厚別区,004-0064,札幌市厚別区厚別西4条4丁目15番13号,,,,,,協会掲載所在地。保有機械・出動拠点未確認,https://sapporo-josetsu.jp/member.html
member_114,秋津道路㈱,豊平区,062-0921,札幌市豊平区中の島1条2丁目2番4号 中の島クロスビル２Ｆ,https://akitsudoro.com/,,,,,協会掲載所在地。保有機械・出動拠点未確認,https://sapporo-josetsu.jp/member.html
member_115,㈱和泉組,豊平区,062-0904,札幌市豊平区豊平4条8丁目1番25号,https://www.izumi-gm.jp/,,,,,協会掲載所在地。保有機械・出動拠点未確認,https://sapporo-josetsu.jp/member.html
member_116,㈱コクサク,豊平区,062-0052,札幌市豊平区月寒東2条16丁目1番89号,https://www.kokusaku.jp/,,,,,協会掲載所在地。保有機械・出動拠点未確認,https://sapporo-josetsu.jp/member.html
member_117,㈱佐興建設,豊平区,062-0001,札幌市豊平区美園1条3丁目1番1号,,,,,,協会掲載所在地。保有機械・出動拠点未確認,https://sapporo-josetsu.jp/member.html
member_118,新立大一興業㈱,豊平区,062-0035,札幌市豊平区西岡5条3丁目13番1号,http://www.sd-corp.co.jp/,,,,,協会掲載所在地。保有機械・出動拠点未確認,https://sapporo-josetsu.jp/member.html
member_119,清和建設㈱,豊平区,062-0934,札幌市豊平区平岸4条4丁目3番4号,,,,,,協会掲載所在地。保有機械・出動拠点未確認,https://sapporo-josetsu.jp/member.html
member_120,拓友道路㈱,豊平区,062-0051,札幌市豊平区月寒東1条16丁目1番43号,http://takuyuroad.co.jp/,,,,,協会掲載所在地。保有機械・出動拠点未確認,https://sapporo-josetsu.jp/member.html
member_121,豊平公益㈱,豊平区,062-0052,札幌市豊平区月寒東2条18丁目7番21号,http://www.koueki5353.co.jp/,,,,,協会掲載所在地。保有機械・出動拠点未確認,https://sapporo-josetsu.jp/member.html
member_122,中大開発興業㈱,豊平区,062-0054,札幌市豊平区月寒東4条16丁目4番25号,,,,,,協会掲載所在地。保有機械・出動拠点未確認,https://sapporo-josetsu.jp/member.html
member_123,㈱西岡建設,豊平区,062-0032,札幌市豊平区西岡2条12丁目2番15号,https://nishiokakokusho.jp/,,,,,協会掲載所在地。保有機械・出動拠点未確認,https://sapporo-josetsu.jp/member.html
member_124,西岡総業㈱,豊平区,062-0032,札幌市豊平区西岡2条11丁目25番18号,http://www.nishioka-group.co.jp/,,,,,協会掲載所在地。保有機械・出動拠点未確認,https://sapporo-josetsu.jp/member.html
member_125,㈱西組,豊平区,062-0041,札幌市豊平区福住1条7丁目5番12号,,,,,,協会掲載所在地。保有機械・出動拠点未確認,https://sapporo-josetsu.jp/member.html
member_126,㈱日伸建設,豊平区,062-0003,札幌市豊平区美園3条3丁目1番27号,http://www.kk-nissin.org/,,,,,協会掲載所在地。保有機械・出動拠点未確認,https://sapporo-josetsu.jp/member.html
member_127,日本道路㈱道央営業所,豊平区,062-0051,札幌市豊平区月寒東1条16丁目1番43号,https://www.nipponroad.co.jp/,,,,,協会掲載所在地。保有機械・出動拠点未確認,https://sapporo-josetsu.jp/member.html
member_128,㈱ヒノデ工業,豊平区,062-0053,札幌市豊平区月寒東3条10丁目3番13号,,,,,,協会掲載所在地。保有機械・出動拠点未確認,https://sapporo-josetsu.jp/member.html
member_129,㈲北都工業,豊平区,062-0933,札幌市豊平区平岸3条17丁目1番14号,,,,,,協会掲載所在地。保有機械・出動拠点未確認,https://sapporo-josetsu.jp/member.html
member_130,丸彦渡辺建設㈱,豊平区,062-0906,札幌市豊平区豊平6条6丁目5番8号,http://www.maruhiko.co.jp/,,,,,協会掲載所在地。保有機械・出動拠点未確認,https://sapporo-josetsu.jp/member.html
member_131,柳原建設㈱,豊平区,062-0034,札幌市豊平区西岡4条9丁目11番3号,https://yanagihara-kensetsu.com/,,,,,協会掲載所在地。保有機械・出動拠点未確認,https://sapporo-josetsu.jp/member.html
member_132,㈱プログリーン,豊平区,062-0042,札幌市豊平区福住2条10丁目16番5号,,,,,,協会掲載所在地。保有機械・出動拠点未確認,https://sapporo-josetsu.jp/member.html
member_133,㈱エムジーエス,清田区,004-0866,札幌市清田区北野6条1丁目4番48号,http://kk-mgs.com/,,,,,協会掲載所在地。保有機械・出動拠点未確認,https://sapporo-josetsu.jp/member.html
member_134,㈱北一工藤産業,清田区,004-0865,札幌市清田区北野5条4丁目8番19号,,,,,,協会掲載所在地。保有機械・出動拠点未確認,https://sapporo-josetsu.jp/member.html
member_135,共創技建㈱,清田区,004-0841,札幌市清田区清田1条1丁目9番12号,,,,,,協会掲載所在地。保有機械・出動拠点未確認,https://sapporo-josetsu.jp/member.html
member_136,晃亜興業㈱,清田区,004-0812,札幌市清田区美しが丘2条4丁目18番3号,https://kouakougyou.com/,,,,,協会掲載所在地。保有機械・出動拠点未確認,https://sapporo-josetsu.jp/member.html
member_137,小林建設㈱,清田区,004-0839,札幌市清田区真栄409番地112,http://kobaken-kk.com/,,,,,協会掲載所在地。保有機械・出動拠点未確認,https://sapporo-josetsu.jp/member.html
member_138,㈱札幌緑化センター,清田区,004-0874,札幌市清田区平岡4条2丁目4番12号,,,,,,協会掲載所在地。保有機械・出動拠点未確認,https://sapporo-josetsu.jp/member.html
member_139,㈱里塚総業,清田区,004-0814,札幌市清田区美しが丘4条7丁目7番8号,,,,,,協会掲載所在地。保有機械・出動拠点未確認,https://sapporo-josetsu.jp/member.html
member_140,㈱真栄造園,清田区,004-0839,札幌市清田区真栄487番地,http://www.shin-ei-zouen.com/,,,,,協会掲載所在地。保有機械・出動拠点未確認,https://sapporo-josetsu.jp/member.html
member_141,㈱真栄緑化土木,清田区,004-0831,札幌市清田区真栄1条1丁目15番11号,,,,,,協会掲載所在地。保有機械・出動拠点未確認,https://sapporo-josetsu.jp/member.html
member_142,㈱水章工業,清田区,004-0872,札幌市清田区平岡2条2丁目7番18号,https://www.suisyokogyo.com/,,,,,協会掲載所在地。保有機械・出動拠点未確認,https://sapporo-josetsu.jp/member.html
member_143,㈱直進工業,清田区,004-0863,札幌市清田区北野3条1丁目1番,,,,,,協会掲載所在地。保有機械・出動拠点未確認,https://sapporo-josetsu.jp/member.html
member_144,㈱東陽工業,清田区,004-0849,札幌市清田区清田9条3丁目13番10号,,,,,,協会掲載所在地。保有機械・出動拠点未確認,https://sapporo-josetsu.jp/member.html
member_145,道央環境㈱,清田区,004-0841,札幌市清田区清田1条4丁目3番75号,https://d-kankyou.jp/,,,,,協会掲載所在地。保有機械・出動拠点未確認,https://sapporo-josetsu.jp/member.html
member_146,西建工業㈱,清田区,004-0841,札幌市清田区清田1条4丁目3番75号,,,,,,協会掲載所在地。保有機械・出動拠点未確認,https://sapporo-josetsu.jp/member.html
member_147,ノースロード㈱,清田区,004-0839,札幌市清田区真栄468番地1,,,,,,協会掲載所在地。保有機械・出動拠点未確認,https://sapporo-josetsu.jp/member.html
member_148,㈱北海道ロードサービス,清田区,004-0841,札幌市清田区清田1条3丁目7番55号,http://www.h-road-s.co.jp/,,,,,協会掲載所在地。保有機械・出動拠点未確認,https://sapporo-josetsu.jp/member.html
member_149,マルト東和開発㈱,清田区,004-0831,札幌市清田区真栄1条2丁目3番12号,http://towa.e-arc.jp/company/,,,,,協会掲載所在地。保有機械・出動拠点未確認,https://sapporo-josetsu.jp/member.html
member_150,㈱マルナカ・ナカノ工業,清田区,004-0803,札幌市清田区里塚3条4丁目1番26号,http://www.marunakanakano.co.jp/,,,,,協会掲載所在地。保有機械・出動拠点未確認,https://sapporo-josetsu.jp/member.html
member_151,丸福産業㈱,清田区,004-0846,札幌市清田区清田6条2丁目1番5号,,,,,,協会掲載所在地。保有機械・出動拠点未確認,https://sapporo-josetsu.jp/member.html
member_152,むつみ住宅設備㈱,清田区,004-0831,札幌市清田区真栄1条1丁目1番18号,,,,,,協会掲載所在地。保有機械・出動拠点未確認,https://sapporo-josetsu.jp/member.html
member_153,㈱坂緑化工業,清田区,004-0839,札幌市清田区真栄436番地12,,,,,,協会掲載所在地。保有機械・出動拠点未確認,https://sapporo-josetsu.jp/member.html
member_154,アイケン工業㈱,南区,005-0856,札幌市南区常盤6条2丁目122番13,http://www.aikenkogyo.co.jp/,,,,,協会掲載所在地。保有機械・出動拠点未確認,https://sapporo-josetsu.jp/member.html
member_155,浅野建設㈱,南区,005-0842,札幌市南区石山2条4丁目4番32号,https://asano-sapporo.com/,,,,,協会掲載所在地。保有機械・出動拠点未確認,https://sapporo-josetsu.jp/member.html
member_156,井上工業㈱,南区,005-0032,札幌市南区南32条西10丁目3番21号,,,,,,協会掲載所在地。保有機械・出動拠点未確認,https://sapporo-josetsu.jp/member.html
member_157,㈲岩崎建設,南区,061-2283,札幌市南区藤野3条2丁目1番48号,,,,,,協会掲載所在地。保有機械・出動拠点未確認,https://sapporo-josetsu.jp/member.html
member_158,㈱岩本石庭,南区,005-0003,札幌市南区澄川3条2丁目5番7号　　ブルークビル3Ｆ,http://www.i-sekitei.co.jp/,,,,,協会掲載所在地。保有機械・出動拠点未確認,https://sapporo-josetsu.jp/member.html
member_159,㈱内村産業,南区,005-0855,札幌市南区常盤5条2丁目103番地10,,,,,,協会掲載所在地。保有機械・出動拠点未確認,https://sapporo-josetsu.jp/member.html
member_160,岡本興業㈱,南区,005-0021,札幌市南区真駒内本町1丁目1番1号,http://www.okamotogroup.co.jp/company_okamotokogyo/,,,,,協会掲載所在地。保有機械・出動拠点未確認,https://sapporo-josetsu.jp/member.html
member_161,㈱岡高組,南区,005-0821,札幌市南区南沢1条1丁目4番20号,,,,,,協会掲載所在地。保有機械・出動拠点未確認,https://sapporo-josetsu.jp/member.html
member_162,開建工業㈱,南区,005-0032,札幌市南区南32条西8丁目1番21号,,,,,,協会掲載所在地。保有機械・出動拠点未確認,https://sapporo-josetsu.jp/member.html
member_163,㈱開進ナリタ工業,南区,005-0843,札幌市南区石山3条8丁目9番16号,,,,,,協会掲載所在地。保有機械・出動拠点未確認,https://sapporo-josetsu.jp/member.html
member_164,鹿島舗道工業㈱,南区,005-0810,札幌市南区川沿10条2丁目7番10号,https://kashimahodou.jp/,,,,,協会掲載所在地。保有機械・出動拠点未確認,https://sapporo-josetsu.jp/member.html
member_165,㈱剛伸,南区,005-0861,札幌市南区真駒内138番地144,https://goushin-sapporo.com/,,,,,協会掲載所在地。保有機械・出動拠点未確認,https://sapporo-josetsu.jp/member.html
member_166,小橋北豊㈱,南区,005-0818,札幌市南区川沿18条1丁目3番地,https://recyclehub.jp/company/81009544,,,,,協会掲載所在地。保有機械・出動拠点未確認,https://sapporo-josetsu.jp/member.html
member_167,㈱塩田工業,南区,005-0804,札幌市南区川沿4条3丁目4番5号,,,,,,協会掲載所在地。保有機械・出動拠点未確認,https://sapporo-josetsu.jp/member.html
member_168,道興建設㈱,南区,005-0817,札幌市南区川沿17条2丁目2番8号,http://dohkoh.jp/,,,,,協会掲載所在地。保有機械・出動拠点未確認,https://sapporo-josetsu.jp/member.html
member_169,道雄建設㈱,南区,005-0036,札幌市南区南36条西11丁目2番21号,https://www.douyu.co.jp/,,,,,協会掲載所在地。保有機械・出動拠点未確認,https://sapporo-josetsu.jp/member.html
member_170,中定建設工業㈱,南区,061-2302,札幌市南区定山渓温泉東1丁目54番地,https://nakajyo-kk.jp/,,,,,協会掲載所在地。保有機械・出動拠点未確認,https://sapporo-josetsu.jp/member.html
member_171,南輝建設㈱,南区,005-0841,札幌市南区石山1条2丁目1番10号,,,,,,協会掲載所在地。保有機械・出動拠点未確認,https://sapporo-josetsu.jp/member.html
member_172,南進建設㈱,南区,005-0841,札幌市南区石山1条1丁目81番36号,,,,,,協会掲載所在地。保有機械・出動拠点未確認,https://sapporo-josetsu.jp/member.html
member_173,マルカツ大勝建設㈱,南区,061-2285,札幌市南区藤野5条5丁目11番17号,,,,,,協会掲載所在地。保有機械・出動拠点未確認,https://sapporo-josetsu.jp/member.html
member_174,マルコー開発㈱,南区,005-0036,札幌市南区南36条西10丁目1番34号,,,,,,協会掲載所在地。保有機械・出動拠点未確認,https://sapporo-josetsu.jp/member.html
member_175,円眞泰東工業㈱,南区,005-0813,札幌市南区川沿13条3丁目4番32号,,,,,,協会掲載所在地。保有機械・出動拠点未確認,https://sapporo-josetsu.jp/member.html
member_176,㈱丸富常盤産業,南区,005-0855,札幌市南区常盤5条2丁目103番地,,,,,,協会掲載所在地。保有機械・出動拠点未確認,https://sapporo-josetsu.jp/member.html
member_177,光富運輸㈱,南区,005-0806,札幌市南区川沿6条3丁目8番27号,,,,,,協会掲載所在地。保有機械・出動拠点未確認,https://sapporo-josetsu.jp/member.html
member_178,宮浦興業㈱,南区,061-2283,札幌市南区藤野3条3丁目6番7号,https://miyaurakougyoukk.jbplt.jp/,,,,,協会掲載所在地。保有機械・出動拠点未確認,https://sapporo-josetsu.jp/member.html
member_179,大和建設運輸㈱,南区,005-0021,札幌市南区真駒内本町1丁目1番1号,http://www.okamotogroup.co.jp/,,,,,協会掲載所在地。保有機械・出動拠点未確認,https://sapporo-josetsu.jp/member.html
member_180,道路工業㈱札幌営業所,南区,005-0817,札幌市南区川沿17条2丁目4番2号,https://www.dorokogyo.co.jp/,,,,,協会掲載所在地。保有機械・出動拠点未確認,https://sapporo-josetsu.jp/member.html
member_181,㈱ヤマト建設,南区,005-0801,札幌市南区川沿1条3丁目5番20号,http://www.yk-yamato.jp/company.html,,,,,協会掲載所在地。保有機械・出動拠点未確認,https://sapporo-josetsu.jp/member.html
member_182,朝倉土建工業㈱,西区,063-0029,札幌市西区平和318番地91,,,,,,協会掲載所在地。保有機械・出動拠点未確認,https://sapporo-josetsu.jp/member.html
member_183,大林道路㈱道央営業所,西区,063-0829,札幌市西区発寒9条14丁目516-334,https://www.obayashi-road.co.jp/,,,,,協会掲載所在地。保有機械・出動拠点未確認,https://sapporo-josetsu.jp/member.html
member_184,公南山明建設㈱札幌支店,西区,063-0022,札幌市西区平和2条6丁目4番21号,,,,,,協会掲載所在地。保有機械・出動拠点未確認,https://sapporo-josetsu.jp/member.html
member_185,㈱坂ノ下興業,西区,063-0012,札幌市西区福井4丁目1番5号,http://www.sakanoshitakk.jp/,,,,,協会掲載所在地。保有機械・出動拠点未確認,https://sapporo-josetsu.jp/member.html
member_186,㈱佐野重機,西区,063-0825,札幌市西区発寒5条5丁目3番12号,https://www.sano-j.co.jp/,,,,,協会掲載所在地。保有機械・出動拠点未確認,https://sapporo-josetsu.jp/member.html
member_187,新日建設㈱,西区,063-0835,札幌市西区発寒15条1丁目1番16号,https://www.shinnichi-group.co.jp/category/information,,,,,協会掲載所在地。保有機械・出動拠点未確認,https://sapporo-josetsu.jp/member.html
member_188,創新建設㈱,西区,063-0029,札幌市西区平和318番地91,,,,,,協会掲載所在地。保有機械・出動拠点未確認,https://sapporo-josetsu.jp/member.html
member_189,タニケン工業㈱,西区,063-0850,札幌市西区八軒10条西2丁目4番20号,,,,,,協会掲載所在地。保有機械・出動拠点未確認,https://sapporo-josetsu.jp/member.html
member_190,大功建設㈱,西区,063-0836,札幌市西区発寒16条13丁目1020番地426,http://www.k-daiko.co.jp/,,,,,協会掲載所在地。保有機械・出動拠点未確認,https://sapporo-josetsu.jp/member.html
member_191,中立工業㈱,西区,063-0012,札幌市西区福井475番1,,,,,,協会掲載所在地。保有機械・出動拠点未確認,https://sapporo-josetsu.jp/member.html
member_192,鳥羽機興㈱,西区,063-0835,札幌市西区発寒15条1丁目1番11号,,,,,,協会掲載所在地。保有機械・出動拠点未確認,https://sapporo-josetsu.jp/member.html
member_193,日本ライナー㈱北海道支店,西区,063-0836,札幌市西区発寒16条3丁目1番19号,https://www.nipponliner.co.jp/,,,,,協会掲載所在地。保有機械・出動拠点未確認,https://sapporo-josetsu.jp/member.html
member_194,北陽工業㈱,西区,063-0012,札幌市西区福井475番地9,,,,,,協会掲載所在地。保有機械・出動拠点未確認,https://sapporo-josetsu.jp/member.html
member_195,北海開発㈱,西区,063-0835,札幌市西区発寒15条1丁目1番15号,,,,,,協会掲載所在地。保有機械・出動拠点未確認,https://sapporo-josetsu.jp/member.html
member_196,㈱北海道ライン興業,西区,063-0829,札幌市西区発寒9条9丁目1番33号,http://www.h-linekougyou.co.jp/,,,,,協会掲載所在地。保有機械・出動拠点未確認,https://sapporo-josetsu.jp/member.html
member_197,ロード機工㈱,西区,063-0850,札幌市西区八軒10条西10丁目1番53号,https://www.road-kikoh.co.jp/,,,,,協会掲載所在地。保有機械・出動拠点未確認,https://sapporo-josetsu.jp/member.html
member_198,舗栄建設工業㈱,西区,063-0830,札幌市西区発寒10条14丁目1067番7号,http://www.hodoh.co.jp,,,,,協会掲載所在地。保有機械・出動拠点未確認,https://sapporo-josetsu.jp/member.html
member_199,㈱小野工業,手稲区,006-0002,札幌市手稲区西宮の沢2条3丁目8番11号,,,,,,協会掲載所在地。保有機械・出動拠点未確認,https://sapporo-josetsu.jp/member.html
member_200,開発振興㈱,手稲区,006-0835,札幌市手稲区曙5条5丁目6番15号,,,,,,協会掲載所在地。保有機械・出動拠点未確認,https://sapporo-josetsu.jp/member.html
member_201,鹿島道路㈱北海道支店,手稲区,006-0033,札幌市手稲区稲穂3条3丁目9番15号,https://www.kajimaroad.co.jp/,,,,,協会掲載所在地。保有機械・出動拠点未確認,https://sapporo-josetsu.jp/member.html
member_202,㈱グリーン田中,手稲区,006-0829,札幌市手稲区手稲前田574番地3,,,,,,協会掲載所在地。保有機械・出動拠点未確認,https://sapporo-josetsu.jp/member.html
member_203,光建工業㈱,手稲区,006-0818,札幌市手稲区前田8条19丁目1番10号,https://hskouken.jp/,,,,,協会掲載所在地。保有機械・出動拠点未確認,https://sapporo-josetsu.jp/member.html
member_204,㈱スペース・デザイン工業,手稲区,006-0034,札幌市手稲区稲穂4条5丁目6番12号,http://www.sd-ind.co.jp/,,,,,協会掲載所在地。保有機械・出動拠点未確認,https://sapporo-josetsu.jp/member.html
member_205,㈱鈴木工業,手稲区,006-0032,札幌市手稲区稲穂2条5丁目6番10号,,,,,,協会掲載所在地。保有機械・出動拠点未確認,https://sapporo-josetsu.jp/member.html
member_206,㈱大東,手稲区,006-0016,札幌市手稲区富丘6条2丁目1番30号,,,,,,協会掲載所在地。保有機械・出動拠点未確認,https://sapporo-josetsu.jp/member.html
member_207,東海建設工業㈱,手稲区,006-0005,札幌市手稲区西宮の沢5条1丁目19番29号,,,,,,協会掲載所在地。保有機械・出動拠点未確認,https://sapporo-josetsu.jp/member.html
member_208,円山建設㈱,手稲区,006-0839,札幌市手稲区曙9条1丁目1番12号,,,,,,協会掲載所在地。保有機械・出動拠点未確認,https://sapporo-josetsu.jp/member.html
member_209,㈱リ・フィールド,手稲区,006-0832,札幌市手稲区曙2条3丁目2番75号,http://re-field.jp/,,,,,協会掲載所在地。保有機械・出動拠点未確認,https://sapporo-josetsu.jp/member.html
