i,j,lat,lon,road_km,road_area_ha,station,season_t,peak_day_t
27,13,42.9028,141.32861,1.38,0.88,南区(南31条西8丁目),2279,88
27,12,42.89376,141.32861,0.04,0.02,南区(南31条西8丁目),60,2
27,14,42.91184,141.32861,2.46,1.56,南区(南31条西8丁目),4028,156
28,12,42.89376,141.34091,0.01,0.01,南区(南31条西8丁目),18,1
13,11,42.88471,141.15648,0.2,0.12,南区(定山渓),382,10
8,8,42.85758,141.09501,0.24,0.15,南区(定山渓),452,12
36,22,42.9842,141.43927,24.71,17.15,清田区,45351,1800
37,22,42.9842,141.45156,26.06,18.02,清田区,47660,1892
37,23,42.99324,141.45156,16.03,11.43,清田区,30223,1200
36,23,42.99324,141.43927,24.85,17.6,清田区,46562,1848
38,22,42.9842,141.46386,20.56,13.08,清田区,34585,1373
38,21,42.97515,141.46386,13.38,9.87,清田区,26110,1037
39,22,42.9842,141.47615,8.33,6.03,清田区,15958,634
38,23,42.99324,141.46386,20.72,14.39,清田区,38071,1511
38,24,43.00229,141.46386,15.64,11.54,清田区,30513,1211
37,21,42.97515,141.45156,11.2,8.13,清田区,21493,853
37,19,42.95706,141.45156,3.42,3.15,清田区,8332,331
37,20,42.96611,141.45156,3.06,2.94,清田区,7775,309
37,18,42.94802,141.45156,2.46,2.24,清田区,5913,235
36,18,42.94802,141.43927,5.79,3.54,清田区,9354,371
36,17,42.93898,141.43927,2.09,1.92,清田区,5068,201
30,24,43.00229,141.3655,19.08,12.97,南区(南31条西8丁目),33526,1297
29,24,43.00229,141.3532,9.71,6.47,南区(南31条西8丁目),16728,647
29,23,42.99324,141.3532,13.77,9.64,南区(南31条西8丁目),24914,964
35,23,42.99324,141.42697,29.72,19.13,清田区,50611,2009
34,23,42.99324,141.41468,3.67,2.25,清田区,5952,236
35,22,42.9842,141.42697,17.93,11.72,清田区,31010,1231
39,24,43.00229,141.47615,22.85,15.5,清田区,41010,1628
37,24,43.00229,141.45156,23.75,16.05,清田区,42456,1685
31,23,42.99324,141.37779,26.41,16.94,南区(南31条西8丁目),43797,1694
31,24,43.00229,141.37779,30.77,20.09,南区(南31条西8丁目),51931,2009
28,24,43.00229,141.34091,5.56,4.29,南区(南31条西8丁目),11095,429
29,22,42.9842,141.3532,16.07,11.2,南区(南31条西8丁目),28961,1120
29,21,42.97515,141.3532,5.41,4.53,南区(南31条西8丁目),11720,453
13,23,42.99324,141.15648,1.07,1.28,南区(定山渓),3974,109
14,23,42.99324,141.16878,0.27,0.32,南区(定山渓),1003,27
14,22,42.9842,141.16878,0.37,0.45,南区(定山渓),1387,38
13,22,42.9842,141.15648,2.13,2.05,南区(定山渓),6373,174
12,22,42.9842,141.14419,0.82,0.98,南区(定山渓),3045,83
12,21,42.97515,141.14419,1.86,2.24,南区(定山渓),6941,190
11,21,42.97515,141.13189,1.02,1.22,南区(定山渓),3800,104
14,21,42.97515,141.16878,4.27,3.34,南区(定山渓),10368,284
13,21,42.97515,141.15648,2.09,1.96,南区(定山渓),6082,167
11,22,42.9842,141.13189,0.93,1.12,南区(定山渓),3472,95
10,22,42.9842,141.1196,3.29,2.56,南区(定山渓),7938,217
27,20,42.96611,141.32861,8.05,5.25,南区(南31条西8丁目),13560,525
28,21,42.97515,141.34091,11.41,7.43,南区(南31条西8丁目),19212,743
29,20,42.96611,141.3532,3.04,2.36,南区(南31条西8丁目),6105,236
30,22,42.9842,141.3655,3.05,2.58,南区(南31条西8丁目),6659,258
30,23,42.99324,141.3655,12.87,8.67,南区(南31条西8丁目),22409,867
30,21,42.97515,141.3655,1.46,1.25,南区(南31条西8丁目),3232,125
29,18,42.94802,141.3532,12.7,8.2,南区(南31条西8丁目),21189,820
29,17,42.93898,141.3532,5.23,3.45,南区(南31条西8丁目),8920,345
29,16,42.92993,141.3532,4.33,3.25,南区(南31条西8丁目),8403,325
29,15,42.92089,141.3532,2.4,1.89,南区(南31条西8丁目),4886,189
28,16,42.92993,141.34091,5.86,4.18,南区(南31条西8丁目),10814,418
30,15,42.92089,141.3655,2.59,2.4,清田区,6346,252
26,24,43.00229,141.31632,10.62,6.86,南区(南31条西8丁目),17728,686
27,24,43.00229,141.32861,19.18,12.84,南区(南31条西8丁目),33194,1284
35,24,43.00229,141.42697,16.15,11.85,清田区,31349,1244
35,25,43.01133,141.42697,18.27,11.73,清田区,31039,1232
34,22,42.9842,141.41468,2.35,1.41,清田区,3728,148
38,20,42.96611,141.46386,1.73,1.04,清田区,2750,109
39,23,42.99324,141.47615,18.61,12.54,清田区,33171,1317
39,25,43.01133,141.47615,26.94,18.33,厚別区,46375,1833
26,22,42.9842,141.31632,24.39,15.31,南区(南31条西8丁目),39579,1531
25,22,42.9842,141.30402,5.8,3.63,南区(南31条西8丁目),9379,363
26,23,42.99324,141.31632,13.77,8.82,南区(南31条西8丁目),22809,882
25,23,42.99324,141.30402,3.69,2.3,南区(南31条西8丁目),5936,230
27,22,42.9842,141.32861,19.72,12.23,南区(南31条西8丁目),31606,1223
28,22,42.9842,141.34091,8.97,5.67,南区(南31条西8丁目),14649,567
28,20,42.96611,141.34091,10.99,7.07,南区(南31条西8丁目),18288,707
28,19,42.95706,141.34091,7.34,4.41,南区(南31条西8丁目),11398,441
26,19,42.95706,141.31632,10.55,6.64,南区(南31条西8丁目),17173,664
25,19,42.95706,141.30402,23.14,14.89,南区(南31条西8丁目),38496,1489
25,17,42.93898,141.30402,3.21,2.2,南区(南31条西8丁目),5680,220
25,18,42.94802,141.30402,2.8,1.73,南区(南31条西8丁目),4469,173
26,18,42.94802,141.31632,3.29,2.28,南区(南31条西8丁目),5885,228
26,17,42.93898,141.31632,1.28,0.77,南区(南31条西8丁目),1987,77
25,20,42.96611,141.30402,6.24,4.14,南区(南31条西8丁目),10704,414
24,19,42.95706,141.29173,24.31,14.98,南区(南31条西8丁目),38730,1498
23,19,42.95706,141.27943,18.87,11.76,南区(定山渓),36514,1000
22,19,42.95706,141.26714,12.33,7.41,南区(定山渓),23022,630
24,20,42.96611,141.29173,18.36,11.27,南区(南31条西8丁目),29142,1127
27,23,42.99324,141.32861,19.11,12.3,南区(南31条西8丁目),31802,1230
25,24,43.00229,141.30402,3.32,2.2,南区(南31条西8丁目),5676,220
21,19,42.95706,141.25484,6.44,4.14,南区(定山渓),12865,352
14,20,42.96611,141.16878,3.87,2.81,南区(定山渓),8727,239
13,20,42.96611,141.15648,2.0,1.23,南区(定山渓),3825,105
32,24,43.00229,141.39009,20.06,13.11,豊平区,36507,1245
32,23,42.99324,141.39009,3.09,1.85,南区(南31条西8丁目),4790,185
31,22,42.9842,141.37779,3.45,2.32,南区(南31条西8丁目),5993,232
31,25,43.01133,141.37779,20.76,13.89,豊平区,38697,1320
28,18,42.94802,141.34091,6.24,3.75,南区(南31条西8丁目),9701,375
28,17,42.93898,141.34091,6.96,4.21,南区(南31条西8丁目),10885,421
19,20,42.96611,141.23025,1.83,1.25,南区(定山渓),3895,107
18,20,42.96611,141.21796,4.3,2.88,南区(定山渓),8958,245
20,20,42.96611,141.24255,1.12,0.97,南区(定山渓),2998,82
22,20,42.96611,141.26714,8.54,5.48,南区(定山渓),17029,466
23,20,42.96611,141.27943,11.12,7.34,南区(南31条西8丁目),18967,734
24,21,42.97515,141.29173,1.94,1.24,南区(南31条西8丁目),3205,124
13,17,42.93898,141.15648,2.09,1.61,南区(定山渓),4989,137
13,16,42.92993,141.15648,2.25,1.76,南区(定山渓),5479,150
13,18,42.94802,141.15648,2.11,1.6,南区(定山渓),4968,136
13,19,42.95706,141.15648,1.39,0.91,南区(定山渓),2814,77
38,25,43.01133,141.46386,24.78,17.09,清田区,45216,1795
25,25,43.01133,141.30402,6.4,4.98,南区(南31条西8丁目),12874,498
26,25,43.01133,141.31632,3.7,3.02,南区(南31条西8丁目),7800,302
25,21,42.97515,141.30402,2.03,1.68,南区(南31条西8丁目),4342,168
36,21,42.97515,141.43927,4.56,3.88,清田区,10269,408
35,21,42.97515,141.42697,2.97,2.24,清田区,5913,235
35,20,42.96611,141.42697,3.02,2.11,清田区,5568,221
35,19,42.95706,141.42697,2.37,1.45,清田区,3833,152
30,20,42.96611,141.3655,2.04,1.8,南区(南31条西8丁目),4650,180
30,19,42.95706,141.3655,1.87,1.48,南区(南31条西8丁目),3828,148
30,18,42.94802,141.3655,1.13,1.02,南区(南31条西8丁目),2625,102
30,17,42.93898,141.3655,1.36,1.22,南区(南31条西8丁目),3157,122
30,16,42.92993,141.3655,1.01,0.91,南区(南31条西8丁目),2356,91
31,15,42.92089,141.37779,3.14,2.65,清田区,7002,278
29,19,42.95706,141.3532,6.37,4.41,南区(南31条西8丁目),11390,441
28,23,42.99324,141.34091,3.1,2.02,南区(南31条西8丁目),5214,202
36,24,43.00229,141.43927,13.4,10.85,清田区,28710,1140
37,25,43.01133,141.45156,25.25,17.4,清田区,46025,1827
36,20,42.96611,141.43927,1.41,0.84,清田区,2232,89
15,21,42.97515,141.18107,0.39,0.35,南区(定山渓),1098,30
15,20,42.96611,141.18107,0.68,0.55,南区(定山渓),1712,47
20,19,42.95706,141.24255,3.46,2.42,南区(定山渓),7516,206
19,19,42.95706,141.23025,2.79,2.05,南区(定山渓),6370,174
18,18,42.94802,141.21796,2.63,1.58,南区(定山渓),4904,134
19,18,42.94802,141.23025,3.63,2.45,南区(定山渓),7594,208
18,17,42.93898,141.21796,1.24,0.74,南区(定山渓),2311,63
20,18,42.94802,141.24255,2.54,1.53,南区(定山渓),4737,130
19,17,42.93898,141.23025,1.5,0.9,南区(定山渓),2804,77
18,16,42.92993,141.21796,0.98,0.59,南区(定山渓),1820,50
21,18,42.94802,141.25484,1.73,1.04,南区(定山渓),3219,88
21,17,42.93898,141.25484,1.24,0.75,南区(定山渓),2314,63
21,20,42.96611,141.25484,2.53,1.88,南区(定山渓),5828,160
26,20,42.96611,141.31632,11.53,7.26,南区(南31条西8丁目),18769,726
27,19,42.95706,141.32861,6.85,4.16,南区(南31条西8丁目),10743,416
22,18,42.94802,141.26714,1.03,0.62,南区(定山渓),1914,52
22,17,42.93898,141.26714,0.65,0.39,南区(定山渓),1209,33
21,16,42.92993,141.25484,0.79,0.47,南区(定山渓),1470,40
24,18,42.94802,141.29173,0.82,0.52,南区(南31条西8丁目),1338,52
24,17,42.93898,141.29173,1.32,0.79,南区(南31条西8丁目),2048,79
25,16,42.92993,141.30402,0.5,0.3,南区(南31条西8丁目),774,30
27,17,42.93898,141.32861,3.04,2.19,南区(南31条西8丁目),5658,219
27,16,42.92993,141.32861,1.44,1.03,南区(南31条西8丁目),2659,103
27,18,42.94802,141.32861,4.46,2.99,南区(南31条西8丁目),7741,299
27,21,42.97515,141.32861,6.58,3.95,南区(南31条西8丁目),10203,395
13,24,43.00229,141.15648,0.61,0.73,南区(定山渓),2260,62
12,24,43.00229,141.14419,0.98,0.96,南区(定山渓),2967,81
34,20,42.96611,141.41468,7.29,4.38,清田区,11573,459
34,21,42.97515,141.41468,2.37,1.42,清田区,3761,149
33,18,42.94802,141.40238,2.38,1.43,清田区,3785,150
33,16,42.92993,141.40238,1.67,1.54,清田区,4079,162
32,16,42.92993,141.39009,3.12,2.0,清田区,5296,210
35,17,42.93898,141.42697,2.96,2.19,清田区,5796,230
36,19,42.95706,141.43927,4.65,2.79,清田区,7380,293
34,19,42.95706,141.41468,2.33,1.4,清田区,3703,147
35,18,42.94802,141.42697,3.59,2.15,清田区,5696,226
33,20,42.96611,141.40238,3.33,2.0,清田区,5279,210
33,19,42.95706,141.40238,1.76,1.06,清田区,2794,111
33,21,42.97515,141.40238,0.09,0.05,清田区,135,5
32,19,42.95706,141.39009,1.04,0.63,清田区,1655,66
32,20,42.96611,141.39009,0.98,0.59,清田区,1547,61
35,16,42.92993,141.42697,2.87,1.83,清田区,4849,193
34,18,42.94802,141.41468,0.64,0.38,清田区,1011,40
32,15,42.92089,141.39009,2.01,1.8,清田区,4749,189
34,16,42.92993,141.41468,1.89,1.7,清田区,4487,178
36,16,42.92993,141.43927,0.33,0.2,清田区,519,21
35,15,42.92089,141.42697,0.37,0.22,清田区,589,23
35,14,42.91184,141.42697,0.01,0.01,清田区,23,1
36,15,42.92089,141.43927,0.07,0.04,清田区,104,4
33,15,42.92089,141.40238,0.49,0.3,清田区,784,31
28,14,42.91184,141.34091,2.74,1.7,南区(南31条西8丁目),4403,170
28,13,42.9028,141.34091,1.32,0.87,南区(南31条西8丁目),2237,87
23,21,42.97515,141.27943,1.49,0.89,南区(南31条西8丁目),2305,89
18,19,42.95706,141.21796,1.56,0.93,南区(定山渓),2898,79
4,22,42.9842,141.04583,3.02,2.62,南区(定山渓),8123,222
4,21,42.97515,141.04583,0.68,0.46,南区(定山渓),1416,39
17,21,42.97515,141.20566,0.23,0.14,南区(定山渓),437,12
17,20,42.96611,141.20566,1.32,0.79,南区(定山渓),2460,67
29,14,42.91184,141.3532,4.01,2.41,南区(南31条西8丁目),6218,241
23,17,42.93898,141.27943,1.42,0.85,南区(定山渓),2652,73
23,18,42.94802,141.27943,0.99,0.59,南区(定山渓),1836,50
26,14,42.91184,141.31632,2.05,1.57,南区(南31条西8丁目),4058,157
26,16,42.92993,141.31632,0.26,0.16,南区(南31条西8丁目),404,16
13,14,42.91184,141.15648,0.36,0.32,南区(定山渓),1007,28
25,13,42.9028,141.30402,1.4,0.89,南区(定山渓),2771,76
24,13,42.9028,141.29173,0.46,0.27,南区(定山渓),849,23
24,22,42.9842,141.29173,0.06,0.04,南区(南31条西8丁目),96,4
30,14,42.91184,141.3655,2.74,1.96,清田区,5174,205
30,13,42.9028,141.3655,0.68,0.46,清田区,1219,48
31,13,42.9028,141.37779,1.48,0.89,清田区,2348,93
27,15,42.92089,141.32861,2.16,1.65,南区(南31条西8丁目),4254,165
28,15,42.92089,141.34091,0.42,0.25,南区(南31条西8丁目),646,25
5,22,42.9842,141.05812,1.23,1.47,南区(定山渓),4574,125
18,21,42.97515,141.21796,0.11,0.07,南区(定山渓),214,6
21,15,42.92089,141.25484,0.0,0.0,南区(定山渓),7,0
25,14,42.91184,141.30402,0.77,0.69,南区(定山渓),2149,59
13,15,42.92089,141.15648,0.06,0.05,南区(定山渓),154,4
12,18,42.94802,141.14419,0.5,0.3,南区(定山渓),923,25
12,17,42.93898,141.14419,1.04,0.63,南区(定山渓),1946,53
3,21,42.97515,141.03354,0.15,0.17,南区(定山渓),540,15
24,16,42.92993,141.29173,1.99,1.19,南区(定山渓),3700,101
31,14,42.91184,141.37779,0.05,0.03,清田区,86,3
29,13,42.9028,141.3532,0.25,0.15,南区(南31条西8丁目),395,15
10,21,42.97515,141.1196,0.11,0.07,南区(定山渓),213,6
9,21,42.97515,141.1073,0.93,0.56,南区(定山渓),1736,48
9,22,42.9842,141.1073,0.44,0.26,南区(定山渓),818,22
31,21,42.97515,141.37779,1.37,0.82,南区(南31条西8丁目),2120,82
31,20,42.96611,141.37779,0.4,0.24,南区(南31条西8丁目),625,24
31,16,42.92993,141.37779,0.35,0.21,清田区,548,22
32,14,42.91184,141.39009,1.3,0.78,清田区,2064,82
40,25,43.01133,141.48845,2.28,1.86,厚別区,4696,186
34,24,43.00229,141.41468,0.6,0.73,清田区,1918,76
34,25,43.01133,141.41468,3.13,3.15,清田区,8339,331
33,25,43.01133,141.40238,15.73,11.76,豊平区,32750,1117
6,22,42.9842,141.07042,1.3,1.56,南区(定山渓),4859,133
10,23,42.99324,141.1196,0.16,0.2,南区(定山渓),610,17
9,23,42.99324,141.1073,1.41,1.7,南区(定山渓),5267,144
8,23,42.99324,141.09501,1.06,1.27,南区(定山渓),3933,108
7,23,42.99324,141.08271,1.59,1.91,南区(定山渓),5919,162
7,22,42.9842,141.08271,0.06,0.07,南区(定山渓),232,6
30,30,43.05655,141.3655,19.21,15.21,中央区,38624,1293
29,30,43.05655,141.3532,24.22,20.7,中央区,52580,1760
38,27,43.02942,141.46386,22.79,16.4,厚別区,41487,1640
38,26,43.02037,141.46386,20.19,12.88,厚別区,32585,1288
37,26,43.02037,141.45156,21.09,14.07,厚別区,35607,1407
40,28,43.03846,141.48845,24.86,16.79,厚別区,42474,1679
40,27,43.02942,141.48845,21.54,15.14,厚別区,38301,1514
41,27,43.02942,141.50074,13.3,9.17,厚別区,23198,917
40,26,43.02037,141.48845,6.61,4.91,厚別区,12417,491
37,27,43.02942,141.45156,10.33,8.37,厚別区,21175,837
37,28,43.03846,141.45156,10.25,7.28,厚別区,18413,728
38,28,43.03846,141.46386,23.17,15.8,厚別区,39981,1580
39,28,43.03846,141.47615,20.03,14.99,厚別区,37923,1499
41,28,43.03846,141.50074,7.19,4.92,厚別区,12449,492
39,29,43.04751,141.47615,18.97,13.48,厚別区,34108,1348
39,30,43.05655,141.47615,27.68,19.4,厚別区,49070,1940
35,29,43.04751,141.42697,24.07,15.66,白石区,42293,1880
36,29,43.04751,141.43927,19.63,13.01,厚別区,32906,1301
35,30,43.05655,141.42697,26.5,17.5,白石区,47250,2100
36,30,43.05655,141.43927,23.69,15.73,厚別区,39804,1573
38,30,43.05655,141.46386,13.37,9.07,厚別区,22942,907
40,30,43.05655,141.48845,11.85,7.92,厚別区,20027,792
40,29,43.04751,141.48845,22.2,14.53,厚別区,36760,1453
39,31,43.06559,141.47615,15.43,9.81,厚別区,24822,981
38,29,43.04751,141.46386,30.07,20.1,厚別区,50843,2010
36,28,43.03846,141.43927,15.42,10.43,厚別区,26380,1043
36,27,43.02942,141.43927,19.59,13.67,厚別区,34596,1367
33,26,43.02037,141.40238,18.35,12.06,豊平区,33576,1145
34,26,43.02037,141.41468,15.15,10.07,豊平区,28033,956
32,25,43.01133,141.39009,24.91,15.77,豊平区,43922,1498
26,31,43.06559,141.31632,26.31,18.45,中央区,46859,1568
27,31,43.06559,141.32861,21.95,16.37,中央区,41580,1391
26,30,43.05655,141.31632,19.83,14.67,中央区,37260,1247
26,32,43.07464,141.31632,18.17,13.13,中央区,33353,1116
25,32,43.07464,141.30402,23.83,16.29,中央区,41388,1385
27,30,43.05655,141.32861,22.25,16.2,中央区,41159,1377
27,32,43.07464,141.32861,13.3,10.11,中央区,25689,860
39,27,43.02942,141.47615,21.25,14.24,厚別区,36021,1424
39,26,43.02037,141.47615,22.67,15.34,厚別区,38800,1534
34,31,43.06559,141.41468,23.35,15.38,白石区,41538,1846
33,31,43.06559,141.40238,26.0,18.11,白石区,48907,2174
34,32,43.07464,141.41468,24.24,16.97,白石区,45816,2036
33,32,43.07464,141.40238,14.72,11.13,東区,31063,1058
37,29,43.04751,141.45156,21.84,13.99,厚別区,35389,1399
37,30,43.05655,141.45156,7.79,5.19,厚別区,13132,519
31,31,43.06559,141.37779,14.7,10.75,東区,30000,1022
32,31,43.06559,141.39009,16.91,11.81,白石区,31897,1418
31,33,43.08368,141.37779,29.31,20.98,東区,58524,1993
30,32,43.07464,141.3655,18.61,13.62,東区,38001,1294
31,32,43.07464,141.37779,16.57,11.72,東区,32697,1113
30,33,43.08368,141.3655,26.57,18.11,東区,50528,1720
32,32,43.07464,141.39009,16.91,11.33,東区,31601,1076
38,32,43.07464,141.46386,1.56,1.37,厚別区,3465,137
38,31,43.06559,141.46386,3.21,2.29,厚別区,5793,229
37,31,43.06559,141.45156,4.34,3.28,厚別区,8296,328
41,26,43.02037,141.50074,4.6,3.21,厚別区,8119,321
36,35,43.10177,141.43927,6.98,5.21,東区,14540,495
36,34,43.09273,141.43927,7.22,5.13,白石区,13851,616
35,34,43.09273,141.42697,17.91,11.89,東区,33172,1130
35,33,43.08368,141.42697,15.48,9.76,白石区,26365,1172
34,33,43.08368,141.41468,8.11,5.47,東区,15273,520
33,33,43.08368,141.40238,11.47,7.78,東区,21697,739
33,34,43.09273,141.40238,23.71,14.91,東区,41603,1417
30,31,43.06559,141.3655,16.85,13.16,東区,36707,1250
29,31,43.06559,141.3532,14.61,12.57,東区,35077,1194
29,32,43.07464,141.3532,20.8,16.34,東区,45595,1553
28,31,43.06559,141.34091,17.03,13.56,中央区,34442,1153
28,32,43.07464,141.34091,2.13,1.96,東区,5462,186
32,33,43.08368,141.39009,23.21,15.97,東区,44564,1517
36,26,43.02037,141.43927,27.39,17.5,清田区,46296,1838
36,25,43.01133,141.43927,21.61,14.52,清田区,38402,1524
29,25,43.01133,141.3532,9.43,7.04,南区(南31条西8丁目),18205,704
29,26,43.02037,141.3532,18.36,12.83,南区(南31条西8丁目),33175,1283
26,29,43.04751,141.31632,10.71,8.08,中央区,20514,686
27,29,43.04751,141.32861,25.43,17.38,中央区,44157,1478
31,27,43.02942,141.37779,27.52,19.97,豊平区,55613,1897
31,28,43.03846,141.37779,27.95,18.8,豊平区,52350,1786
32,28,43.03846,141.39009,26.75,18.77,白石区,50676,2252
32,27,43.02942,141.39009,19.22,12.02,豊平区,33490,1142
30,29,43.04751,141.3655,16.54,11.74,中央区,29811,998
31,29,43.04751,141.37779,16.78,11.7,白石区,31582,1404
29,33,43.08368,141.3532,19.86,14.0,東区,39073,1330
29,34,43.09273,141.3532,24.37,16.75,東区,46730,1591
29,35,43.10177,141.3532,28.09,18.53,北区(太平),49577,1483
29,36,43.11081,141.3532,28.22,18.1,北区(太平),48405,1448
30,34,43.09273,141.3655,28.85,18.79,東区,52411,1785
31,26,43.02037,141.37779,15.79,11.58,豊平区,32258,1100
32,26,43.02037,141.39009,25.55,17.22,豊平区,47956,1636
28,27,43.02942,141.34091,17.19,12.09,南区(南31条西8丁目),31259,1209
29,27,43.02942,141.3532,19.42,14.27,南区(南31条西8丁目),36882,1427
28,26,43.02037,141.34091,4.43,2.94,南区(南31条西8丁目),7591,294
28,28,43.03846,141.34091,22.53,15.05,中央区,38229,1279
29,28,43.03846,141.3532,19.42,14.92,中央区,37884,1268
35,28,43.03846,141.42697,22.27,15.07,白石区,40689,1808
34,30,43.05655,141.41468,27.17,17.88,白石区,48275,2146
34,29,43.04751,141.41468,25.13,16.28,白石区,43961,1954
33,30,43.05655,141.40238,25.16,17.12,白石区,46214,2054
30,28,43.03846,141.3655,20.89,14.04,豊平区,39098,1334
30,27,43.02942,141.3655,24.08,16.9,豊平区,47074,1606
33,29,43.04751,141.40238,26.8,19.32,白石区,52157,2318
31,30,43.05655,141.37779,23.93,18.22,白石区,49186,2186
32,29,43.04751,141.39009,27.17,19.05,白石区,51433,2286
32,30,43.05655,141.39009,15.65,10.8,白石区,29163,1296
35,31,43.06559,141.42697,21.29,13.83,白石区,37351,1660
33,24,43.00229,141.40238,0.49,0.53,清田区,1408,56
33,27,43.02942,141.40238,22.63,15.06,白石区,40653,1807
35,26,43.02037,141.42697,28.31,17.34,清田区,45864,1821
35,27,43.02942,141.42697,26.46,17.52,白石区,47296,2102
30,26,43.02037,141.3655,19.96,12.43,南区(南31条西8丁目),32142,1243
29,29,43.04751,141.3532,19.52,14.42,中央区,36621,1226
25,29,43.04751,141.30402,10.22,7.74,中央区,19649,658
25,30,43.05655,141.30402,19.25,13.27,中央区,33702,1128
34,28,43.03846,141.41468,28.44,19.45,白石区,52512,2334
34,27,43.02942,141.41468,12.61,8.71,白石区,23517,1045
27,27,43.02942,141.32861,3.91,2.47,南区(南31条西8丁目),6383,247
27,28,43.03846,141.32861,20.16,14.1,中央区,35815,1199
28,29,43.04751,141.34091,24.41,16.49,中央区,41883,1402
28,30,43.05655,141.34091,22.56,17.62,中央区,44746,1497
24,29,43.04751,141.29173,9.14,6.33,中央区,16083,538
25,28,43.03846,141.30402,6.51,3.9,中央区,9914,332
26,28,43.03846,141.31632,9.71,6.92,中央区,17576,588
23,32,43.07464,141.27943,23.5,15.95,西区(西野),46344,1595
23,31,43.06559,141.27943,15.77,10.12,西区(西野),29393,1012
22,32,43.07464,141.26714,25.27,16.17,西区(西野),46966,1617
22,31,43.06559,141.26714,27.45,17.18,西区(西野),49907,1718
27,33,43.08368,141.32861,14.67,10.93,東区,30497,1038
24,32,43.07464,141.29173,24.6,15.95,西区(西野),46339,1595
24,31,43.06559,141.29173,20.27,13.5,中央区,34294,1148
25,31,43.06559,141.30402,25.6,16.99,中央区,43151,1444
12,25,43.01133,141.14419,1.63,1.87,南区(定山渓),5815,159
11,26,43.02037,141.13189,0.83,0.99,南区(定山渓),3081,84
11,27,43.02942,141.13189,1.07,1.29,西区(平和),4632,135
26,33,43.08368,141.31632,28.31,18.48,中央区,46943,1571
24,33,43.08368,141.29173,29.7,19.28,西区(西野),56009,1928
36,33,43.08368,141.43927,8.57,5.78,白石区,15598,693
36,32,43.07464,141.43927,2.68,2.24,白石区,6059,269
37,33,43.08368,141.45156,6.63,4.5,厚別区,11394,450
35,32,43.07464,141.42697,11.46,7.19,白石区,19411,863
33,28,43.03846,141.40238,25.13,16.63,白石区,44912,1996
28,25,43.01133,141.34091,9.46,5.82,南区(南31条西8丁目),15046,582
28,33,43.08368,141.34091,14.39,9.95,東区,27764,945
28,34,43.09273,141.34091,23.95,16.31,東区,45501,1549
27,34,43.09273,141.32861,26.72,17.16,東区,47889,1631
30,25,43.01133,141.3655,22.69,14.16,南区(南31条西8丁目),36610,1416
31,34,43.09273,141.37779,26.51,17.34,東区,48387,1648
22,30,43.05655,141.26714,21.08,13.4,西区(西野),38920,1340
23,30,43.05655,141.27943,3.16,1.9,西区(西野),5514,190
21,30,43.05655,141.25484,21.83,13.6,西区(西野),39516,1360
22,29,43.04751,141.26714,9.42,6.4,西区(西野),18585,640
25,33,43.08368,141.30402,21.78,14.18,中央区,36014,1205
21,29,43.04751,141.25484,2.07,1.89,西区(平和),6786,198
21,28,43.03846,141.25484,2.88,2.3,西区(平和),8254,241
20,30,43.05655,141.24255,8.15,5.2,西区(西野),15097,520
21,31,43.06559,141.25484,18.61,11.33,西区(西野),32922,1133
38,33,43.08368,141.46386,4.01,3.15,厚別区,7971,315
30,35,43.10177,141.3655,27.48,17.48,東区,48759,1660
32,34,43.09273,141.39009,28.73,19.18,東区,53516,1822
32,35,43.10177,141.39009,25.36,18.02,東区,50288,1712
36,31,43.06559,141.43927,10.31,6.98,白石区,18853,838
37,32,43.07464,141.45156,3.4,2.5,厚別区,6318,250
27,25,43.01133,141.32861,4.66,3.34,南区(南31条西8丁目),8624,334
24,30,43.05655,141.29173,9.58,6.24,中央区,15858,531
41,29,43.04751,141.50074,0.48,0.29,厚別区,735,29
23,29,43.04751,141.27943,1.67,1.32,西区(西野),3829,132
22,28,43.03846,141.26714,0.96,1.13,西区(平和),4072,119
24,28,43.03846,141.29173,2.59,1.82,中央区,4618,155
23,28,43.03846,141.27943,1.03,0.78,西区(平和),2806,82
23,27,43.02942,141.27943,1.68,1.79,西区(平和),6444,188
24,27,43.02942,141.29173,2.59,2.01,中央区,5117,171
25,27,43.02942,141.30402,0.27,0.16,南区(南31条西8丁目),411,16
9,31,43.06559,141.1073,1.48,1.58,西区(平和),5682,166
9,32,43.07464,141.1073,0.82,0.98,西区(平和),3535,103
9,30,43.05655,141.1073,0.84,0.93,西区(平和),3327,97
41,30,43.05655,141.50074,0.39,0.24,厚別区,614,24
28,36,43.11081,141.34091,23.66,15.78,北区(太平),42212,1262
28,35,43.10177,141.34091,22.22,14.26,北区(太平),38152,1141
25,26,43.02037,141.30402,2.89,2.94,南区(南31条西8丁目),7592,294
24,25,43.01133,141.29173,0.16,0.1,南区(南31条西8丁目),248,10
24,26,43.02037,141.29173,3.77,3.8,南区(南31条西8丁目),9826,380
26,26,43.02037,141.31632,1.53,0.92,南区(南31条西8丁目),2374,92
23,33,43.08368,141.27943,24.21,15.96,西区(西野),46355,1596
24,34,43.09273,141.29173,25.45,16.34,西区(西野),47465,1634
22,33,43.08368,141.26714,21.05,14.8,西区(西野),42984,1480
21,33,43.08368,141.25484,5.17,3.1,西区(西野),9016,310
21,32,43.07464,141.25484,5.44,3.26,西区(西野),9478,326
19,30,43.05655,141.23025,2.14,1.28,西区(平和),4611,135
19,29,43.04751,141.23025,0.36,0.22,西区(平和),780,23
18,30,43.05655,141.21796,0.18,0.11,西区(平和),392,11
20,31,43.06559,141.24255,0.93,0.56,西区(西野),1627,56
23,34,43.09273,141.27943,21.52,14.18,西区(西野),41181,1418
20,28,43.03846,141.24255,1.71,1.03,西区(平和),3687,108
20,27,43.02942,141.24255,1.77,1.06,西区(平和),3814,111
21,27,43.02942,141.25484,0.46,0.28,西区(平和),995,29
25,34,43.09273,141.30402,15.9,10.49,北区(太平),28057,839
13,25,43.01133,141.15648,1.11,0.66,南区(定山渓),2059,56
16,32,43.07464,141.19337,0.82,0.49,西区(平和),1763,51
17,32,43.07464,141.20566,1.4,0.84,西区(西野),2447,84
17,33,43.08368,141.20566,2.93,2.04,西区(西野),5923,204
17,29,43.04751,141.20566,0.15,0.09,西区(平和),313,9
17,28,43.03846,141.20566,0.11,0.07,西区(平和),243,7
13,27,43.02942,141.15648,0.59,0.35,西区(平和),1266,37
14,27,43.02942,141.16878,0.94,0.57,西区(平和),2033,59
13,26,43.02037,141.15648,1.13,0.68,南区(定山渓),2108,58
14,28,43.03846,141.16878,0.62,0.37,西区(平和),1327,39
27,26,43.02037,141.32861,1.46,1.21,南区(南31条西8丁目),3123,121
22,27,43.02942,141.26714,0.22,0.26,西区(平和),941,27
11,28,43.03846,141.13189,0.26,0.31,西区(平和),1121,33
10,29,43.04751,141.1196,1.3,1.56,西区(平和),5601,164
10,28,43.03846,141.1196,0.9,1.08,西区(平和),3870,113
39,33,43.08368,141.47615,2.21,1.38,厚別区,3492,138
8,32,43.07464,141.09501,1.2,1.44,西区(平和),5180,151
23,26,43.02037,141.27943,1.02,0.61,南区(南31条西8丁目),1580,61
23,25,43.01133,141.27943,0.26,0.16,南区(南31条西8丁目),409,16
7,32,43.07464,141.08271,1.35,1.49,西区(平和),5363,157
6,34,43.09273,141.07042,0.81,0.94,西区(平和),3370,98
6,33,43.08368,141.07042,0.08,0.09,西区(平和),326,10
7,33,43.08368,141.08271,1.33,1.6,西区(平和),5752,168
10,30,43.05655,141.1196,0.39,0.47,西区(平和),1673,49
38,34,43.09273,141.46386,7.27,4.36,厚別区,11033,436
37,34,43.09273,141.45156,2.85,1.71,厚別区,4332,171
34,34,43.09273,141.41468,22.25,14.34,東区,39999,1362
34,35,43.10177,141.41468,25.9,17.17,東区,47894,1631
31,35,43.10177,141.37779,29.2,18.32,東区,51108,1740
36,38,43.1289,141.43927,11.51,7.47,北区(あいの里),16541,560
36,37,43.11986,141.43927,6.0,3.91,北区(あいの里),8663,293
37,38,43.1289,141.45156,3.5,2.1,北区(あいの里),4653,158
37,37,43.11986,141.45156,1.64,0.98,北区(あいの里),2178,74
35,37,43.11986,141.42697,0.64,0.54,北区(あいの里),1207,41
35,38,43.1289,141.42697,2.25,1.71,北区(あいの里),3778,128
36,39,43.13795,141.43927,4.38,2.93,北区(あいの里),6483,220
34,39,43.13795,141.41468,7.01,5.54,北区(あいの里),12278,416
35,39,43.13795,141.42697,4.73,2.84,北区(あいの里),6287,213
35,40,43.14699,141.42697,2.41,2.02,北区(あいの里),4477,152
35,35,43.10177,141.42697,28.58,18.47,東区,51529,1755
35,36,43.11081,141.42697,17.34,11.36,北区(あいの里),25163,852
34,37,43.11986,141.41468,4.82,4.45,北区(あいの里),9862,334
33,35,43.10177,141.40238,26.06,17.76,東区,49562,1688
34,36,43.11081,141.41468,13.88,9.52,北区(あいの里),21093,714
33,37,43.11986,141.40238,10.46,7.83,北区(あいの里),17351,587
33,36,43.11081,141.40238,6.31,5.58,北区(太平),14935,447
32,36,43.11081,141.39009,3.37,2.98,北区(太平),7976,239
30,36,43.11081,141.3655,25.39,16.35,北区(太平),43736,1308
29,37,43.11986,141.3532,30.65,19.91,北区(太平),53250,1593
30,37,43.11986,141.3655,24.29,16.13,北区(太平),43136,1290
27,35,43.10177,141.32861,28.15,18.36,北区(太平),49120,1469
34,38,43.1289,141.41468,12.63,9.57,北区(あいの里),21206,718
34,41,43.15603,141.41468,6.67,6.88,北区(あいの里),15230,516
34,40,43.14699,141.41468,2.41,2.71,北区(あいの里),6011,204
33,39,43.13795,141.40238,4.23,2.84,北区(あいの里),6289,213
31,36,43.11081,141.37779,17.12,11.89,北区(太平),31797,951
31,37,43.11986,141.37779,3.85,2.64,北区(太平),7054,211
22,34,43.09273,141.26714,22.26,15.03,西区(西野),43663,1503
25,36,43.11081,141.30402,26.36,17.19,北区(太平),45982,1375
25,35,43.10177,141.30402,17.96,12.02,北区(太平),32147,961
24,36,43.11081,141.29173,15.09,10.55,手稲区,29975,1055
18,38,43.1289,141.21796,23.85,15.01,手稲区,42641,1501
20,36,43.11081,141.24255,19.2,12.58,手稲区,35720,1258
20,37,43.11986,141.24255,20.86,14.13,手稲区,40136,1413
21,37,43.11986,141.25484,24.53,15.98,手稲区,45374,1598
21,38,43.1289,141.25484,23.11,15.38,手稲区,43682,1538
22,38,43.1289,141.26714,25.44,17.25,手稲区,48982,1725
21,39,43.13795,141.25484,17.15,12.37,手稲区,35130,1237
20,38,43.1289,141.24255,25.5,16.13,手稲区,45799,1613
26,35,43.10177,141.31632,27.12,16.84,北区(太平),45048,1347
26,34,43.09273,141.31632,28.08,18.12,北区(太平),48458,1449
26,36,43.11081,141.31632,31.46,19.55,北区(太平),52295,1564
33,40,43.14699,141.40238,3.66,2.2,北区(あいの里),4867,165
32,40,43.14699,141.39009,4.73,3.01,北区(あいの里),6666,226
32,41,43.15603,141.39009,25.41,17.54,北区(あいの里),38859,1316
33,41,43.15603,141.40238,21.67,15.32,北区(あいの里),33936,1149
34,42,43.16508,141.41468,14.99,10.47,北区(あいの里),23182,785
36,40,43.14699,141.43927,3.91,3.65,北区(あいの里),8090,274
35,41,43.15603,141.42697,3.38,2.94,北区(あいの里),6522,221
30,39,43.13795,141.3655,27.69,18.35,北区(太平),49074,1468
31,39,43.13795,141.37779,10.52,7.23,北区(あいの里),16017,542
30,40,43.14699,141.3655,25.47,16.98,北区(あいの里),37611,1274
29,40,43.14699,141.3532,25.17,15.82,北区(太平),42317,1266
29,41,43.15603,141.3532,24.33,16.54,北区(あいの里),36637,1241
30,41,43.15603,141.3655,13.4,10.09,北区(あいの里),22351,757
29,42,43.16508,141.3532,10.01,7.13,北区(あいの里),15784,534
31,41,43.15603,141.37779,28.31,19.55,北区(あいの里),43303,1466
30,42,43.16508,141.3655,4.7,4.0,北区(あいの里),8856,300
31,42,43.16508,141.37779,4.54,3.19,北区(あいの里),7064,239
31,40,43.14699,141.37779,20.92,14.23,北区(あいの里),31517,1067
30,38,43.1289,141.3655,13.69,9.59,北区(太平),25653,767
21,36,43.11081,141.25484,25.72,16.66,手稲区,47321,1666
22,37,43.11986,141.26714,27.48,17.5,手稲区,49691,1750
22,36,43.11081,141.26714,27.76,17.61,手稲区,50007,1761
37,39,43.13795,141.45156,2.06,1.24,北区(あいの里),2736,93
37,40,43.14699,141.45156,0.88,0.53,北区(あいの里),1168,40
36,41,43.15603,141.43927,0.4,0.24,北区(あいの里),537,18
35,42,43.16508,141.42697,0.12,0.07,北区(あいの里),160,5
32,42,43.16508,141.39009,20.24,13.14,北区(あいの里),29112,986
33,42,43.16508,141.40238,17.6,11.35,北区(あいの里),25132,851
28,40,43.14699,141.34091,14.28,10.16,北区(太平),27181,813
28,39,43.13795,141.34091,26.67,17.25,北区(太平),46152,1380
28,41,43.15603,141.34091,3.77,3.52,北区(太平),9409,281
28,38,43.1289,141.34091,26.08,16.62,北区(太平),44446,1329
25,39,43.13795,141.30402,6.27,5.58,北区(太平),14914,446
26,39,43.13795,141.31632,22.09,14.66,北区(太平),39206,1173
24,37,43.11986,141.29173,15.14,11.84,手稲区,33631,1184
24,38,43.1289,141.29173,6.36,4.81,手稲区,13658,481
25,38,43.1289,141.30402,12.35,9.75,北区(太平),26089,780
25,37,43.11986,141.30402,19.51,12.77,北区(太平),34153,1021
24,39,43.13795,141.29173,3.18,2.76,手稲区,7842,276
23,36,43.11081,141.27943,17.23,12.42,手稲区,35279,1242
23,37,43.11986,141.27943,24.39,16.67,手稲区,47355,1667
23,35,43.10177,141.27943,13.58,9.29,手稲区,26386,929
24,35,43.10177,141.29173,20.3,13.33,手稲区,37846,1333
22,35,43.10177,141.26714,26.55,18.27,手稲区,51880,1827
21,34,43.09273,141.25484,8.74,5.93,西区(西野),17212,593
29,38,43.1289,141.3532,30.17,19.87,北区(太平),53139,1589
29,39,43.13795,141.3532,27.01,17.71,北区(太平),47367,1417
20,40,43.14699,141.24255,17.92,12.41,手稲区,35231,1241
21,40,43.14699,141.25484,3.55,2.63,手稲区,7475,263
23,38,43.1289,141.27943,20.06,13.27,手稲区,37701,1327
22,39,43.13795,141.26714,9.29,6.89,手稲区,19568,689
20,41,43.15603,141.24255,1.14,0.69,手稲区,1949,69
19,41,43.15603,141.23025,1.89,1.22,手稲区,3459,122
20,39,43.13795,141.24255,24.92,15.83,手稲区,44960,1583
26,37,43.11986,141.31632,29.17,18.9,北区(太平),50548,1512
27,37,43.11986,141.32861,32.23,20.42,北区(太平),54631,1634
27,38,43.1289,141.32861,29.82,19.19,北区(太平),51325,1535
26,38,43.1289,141.31632,32.15,20.62,北区(太平),55167,1650
28,37,43.11986,141.34091,24.76,15.99,北区(太平),42762,1279
27,36,43.11081,141.32861,27.09,17.42,北区(太平),46590,1393
21,35,43.10177,141.25484,21.88,13.85,手稲区,39346,1385
20,35,43.10177,141.24255,6.39,3.83,手稲区,10882,383
16,38,43.1289,141.19337,4.11,2.5,手稲区,7087,250
18,39,43.13795,141.21796,17.18,11.0,手稲区,31234,1100
19,38,43.1289,141.23025,16.43,10.51,手稲区,29853,1051
19,39,43.13795,141.23025,19.31,12.65,手稲区,35936,1265
16,39,43.13795,141.19337,13.07,8.69,手稲区,24672,869
16,40,43.14699,141.19337,0.21,0.13,手稲区,361,13
17,39,43.13795,141.20566,24.84,15.5,手稲区,44031,1550
23,39,43.13795,141.27943,2.24,1.35,手稲区,3820,135
27,39,43.13795,141.32861,24.3,15.81,北区(太平),42302,1265
18,36,43.11081,141.21796,2.37,2.13,手稲区,6053,213
19,36,43.11081,141.23025,2.02,1.74,手稲区,4947,174
19,35,43.10177,141.23025,1.08,0.97,手稲区,2753,97
17,34,43.09273,141.20566,1.41,1.27,西区(西野),3699,127
18,34,43.09273,141.21796,0.35,0.32,西区(西野),925,32
17,35,43.10177,141.20566,1.66,1.45,手稲区,4109,145
18,35,43.10177,141.21796,0.06,0.06,手稲区,165,6
19,37,43.11986,141.23025,16.04,10.07,手稲区,28586,1007
17,40,43.14699,141.20566,2.16,1.62,手稲区,4594,162
32,37,43.11986,141.39009,3.84,3.07,北区(太平),8205,245
33,38,43.1289,141.40238,16.15,10.09,北区(あいの里),22340,756
36,36,43.11081,141.43927,8.38,5.07,北区(あいの里),11233,380
37,36,43.11081,141.45156,0.86,0.51,北区(あいの里),1139,39
18,40,43.14699,141.21796,2.5,1.6,手稲区,4548,160
26,40,43.14699,141.31632,8.85,7.31,北区(太平),19556,585
27,40,43.14699,141.32861,10.63,8.1,北区(太平),21655,648
22,40,43.14699,141.26714,1.64,0.98,手稲区,2794,98
32,38,43.1289,141.39009,6.44,4.56,北区(あいの里),10093,342
32,39,43.13795,141.39009,6.18,4.09,北区(あいの里),9053,307
31,38,43.1289,141.37779,9.74,6.51,北区(太平),17406,521
19,40,43.14699,141.23025,9.05,5.85,手稲区,16612,585
17,38,43.1289,141.20566,20.09,12.83,手稲区,36428,1283
17,41,43.15603,141.20566,0.05,0.03,手稲区,84,3
18,41,43.15603,141.21796,3.07,1.84,手稲区,5236,184
18,37,43.11986,141.21796,9.86,6.0,手稲区,17032,600
17,37,43.11986,141.20566,3.03,1.94,手稲区,5519,194
16,37,43.11986,141.19337,1.07,0.74,手稲区,2104,74
25,40,43.14699,141.30402,0.39,0.35,北区(太平),935,28
38,35,43.10177,141.46386,1.4,0.84,厚別区,2124,84
16,36,43.11081,141.19337,1.13,0.68,手稲区,1933,68
16,35,43.10177,141.19337,0.63,0.38,手稲区,1075,38
39,34,43.09273,141.47615,0.69,0.42,厚別区,1050,42
29,43,43.17412,141.3532,1.6,1.04,北区(あいの里),2303,78
32,43,43.17412,141.39009,1.36,0.82,北区(あいの里),1813,61
30,43,43.17412,141.3655,0.25,0.15,北区(あいの里),331,11
33,44,43.18317,141.40238,1.24,0.75,北区(あいの里),1653,56
33,43,43.17412,141.40238,0.18,0.11,北区(あいの里),245,8
34,43,43.17412,141.41468,0.06,0.04,北区(あいの里),86,3
